"","i","x","Number.i","Suit.i","Value.i","Number.x","Suit.x","Value.x"
"1","AC","2S","A","C",13,"2","S",1
"2","AC","3S","A","C",13,"3","S",2
"3","AC","4S","A","C",13,"4","S",3
"4","AC","5S","A","C",13,"5","S",4
"5","AC","6S","A","C",13,"6","S",5
"6","AC","7S","A","C",13,"7","S",6
"7","AC","8S","A","C",13,"8","S",7
"8","AC","9S","A","C",13,"9","S",8
"9","AC","10S","A","C",13,"10","S",9
"10","AC","JS","A","C",13,"J","S",10
"11","AC","QS","A","C",13,"Q","S",11
"12","AC","KS","A","C",13,"K","S",12
"13","AC","AS","A","C",13,"A","S",13
"14","AC","2H","A","C",13,"2","H",1
"15","AC","3H","A","C",13,"3","H",2
"16","AC","4H","A","C",13,"4","H",3
"17","AC","5H","A","C",13,"5","H",4
"18","AC","6H","A","C",13,"6","H",5
"19","AC","7H","A","C",13,"7","H",6
"20","AC","8H","A","C",13,"8","H",7
"21","AC","9H","A","C",13,"9","H",8
"22","AC","10H","A","C",13,"10","H",9
"23","AC","JH","A","C",13,"J","H",10
"24","AC","QH","A","C",13,"Q","H",11
"25","AC","KH","A","C",13,"K","H",12
"26","AC","AH","A","C",13,"A","H",13
"27","AC","2D","A","C",13,"2","D",1
"28","AC","3D","A","C",13,"3","D",2
"29","AC","4D","A","C",13,"4","D",3
"30","AC","5D","A","C",13,"5","D",4
"31","AC","6D","A","C",13,"6","D",5
"32","AC","7D","A","C",13,"7","D",6
"33","AC","8D","A","C",13,"8","D",7
"34","AC","9D","A","C",13,"9","D",8
"35","AC","10D","A","C",13,"10","D",9
"36","AC","JD","A","C",13,"J","D",10
"37","AC","QD","A","C",13,"Q","D",11
"38","AC","KD","A","C",13,"K","D",12
"39","AC","AD","A","C",13,"A","D",13
"40","AC","2C","A","C",13,"2","C",1
"41","AC","3C","A","C",13,"3","C",2
"42","AC","4C","A","C",13,"4","C",3
"43","AC","5C","A","C",13,"5","C",4
"44","AC","6C","A","C",13,"6","C",5
"45","AC","7C","A","C",13,"7","C",6
"46","AC","8C","A","C",13,"8","C",7
"47","AC","9C","A","C",13,"9","C",8
"48","AC","10C","A","C",13,"10","C",9
"49","AC","JC","A","C",13,"J","C",10
"50","AC","QC","A","C",13,"Q","C",11
"51","AC","KC","A","C",13,"K","C",12
"52","AC","AC","A","C",13,"A","C",13
"53","2S","3S","2","S",1,"3","S",2
"54","2S","4S","2","S",1,"4","S",3
"55","2S","5S","2","S",1,"5","S",4
"56","2S","6S","2","S",1,"6","S",5
"57","2S","7S","2","S",1,"7","S",6
"58","2S","8S","2","S",1,"8","S",7
"59","2S","9S","2","S",1,"9","S",8
"60","2S","10S","2","S",1,"10","S",9
"61","2S","JS","2","S",1,"J","S",10
"62","2S","QS","2","S",1,"Q","S",11
"63","2S","KS","2","S",1,"K","S",12
"64","2S","AS","2","S",1,"A","S",13
"65","2S","2H","2","S",1,"2","H",1
"66","2S","3H","2","S",1,"3","H",2
"67","2S","4H","2","S",1,"4","H",3
"68","2S","5H","2","S",1,"5","H",4
"69","2S","6H","2","S",1,"6","H",5
"70","2S","7H","2","S",1,"7","H",6
"71","2S","8H","2","S",1,"8","H",7
"72","2S","9H","2","S",1,"9","H",8
"73","2S","10H","2","S",1,"10","H",9
"74","2S","JH","2","S",1,"J","H",10
"75","2S","QH","2","S",1,"Q","H",11
"76","2S","KH","2","S",1,"K","H",12
"77","2S","AH","2","S",1,"A","H",13
"78","2S","2D","2","S",1,"2","D",1
"79","2S","3D","2","S",1,"3","D",2
"80","2S","4D","2","S",1,"4","D",3
"81","2S","5D","2","S",1,"5","D",4
"82","2S","6D","2","S",1,"6","D",5
"83","2S","7D","2","S",1,"7","D",6
"84","2S","8D","2","S",1,"8","D",7
"85","2S","9D","2","S",1,"9","D",8
"86","2S","10D","2","S",1,"10","D",9
"87","2S","JD","2","S",1,"J","D",10
"88","2S","QD","2","S",1,"Q","D",11
"89","2S","KD","2","S",1,"K","D",12
"90","2S","AD","2","S",1,"A","D",13
"91","2S","2C","2","S",1,"2","C",1
"92","2S","3C","2","S",1,"3","C",2
"93","2S","4C","2","S",1,"4","C",3
"94","2S","5C","2","S",1,"5","C",4
"95","2S","6C","2","S",1,"6","C",5
"96","2S","7C","2","S",1,"7","C",6
"97","2S","8C","2","S",1,"8","C",7
"98","2S","9C","2","S",1,"9","C",8
"99","2S","10C","2","S",1,"10","C",9
"100","2S","JC","2","S",1,"J","C",10
"101","2S","QC","2","S",1,"Q","C",11
"102","2S","KC","2","S",1,"K","C",12
"103","2S","AC","2","S",1,"A","C",13
"104","3S","4S","3","S",2,"4","S",3
"105","3S","5S","3","S",2,"5","S",4
"106","3S","6S","3","S",2,"6","S",5
"107","3S","7S","3","S",2,"7","S",6
"108","3S","8S","3","S",2,"8","S",7
"109","3S","9S","3","S",2,"9","S",8
"110","3S","10S","3","S",2,"10","S",9
"111","3S","JS","3","S",2,"J","S",10
"112","3S","QS","3","S",2,"Q","S",11
"113","3S","KS","3","S",2,"K","S",12
"114","3S","AS","3","S",2,"A","S",13
"115","3S","2H","3","S",2,"2","H",1
"116","3S","3H","3","S",2,"3","H",2
"117","3S","4H","3","S",2,"4","H",3
"118","3S","5H","3","S",2,"5","H",4
"119","3S","6H","3","S",2,"6","H",5
"120","3S","7H","3","S",2,"7","H",6
"121","3S","8H","3","S",2,"8","H",7
"122","3S","9H","3","S",2,"9","H",8
"123","3S","10H","3","S",2,"10","H",9
"124","3S","JH","3","S",2,"J","H",10
"125","3S","QH","3","S",2,"Q","H",11
"126","3S","KH","3","S",2,"K","H",12
"127","3S","AH","3","S",2,"A","H",13
"128","3S","2D","3","S",2,"2","D",1
"129","3S","3D","3","S",2,"3","D",2
"130","3S","4D","3","S",2,"4","D",3
"131","3S","5D","3","S",2,"5","D",4
"132","3S","6D","3","S",2,"6","D",5
"133","3S","7D","3","S",2,"7","D",6
"134","3S","8D","3","S",2,"8","D",7
"135","3S","9D","3","S",2,"9","D",8
"136","3S","10D","3","S",2,"10","D",9
"137","3S","JD","3","S",2,"J","D",10
"138","3S","QD","3","S",2,"Q","D",11
"139","3S","KD","3","S",2,"K","D",12
"140","3S","AD","3","S",2,"A","D",13
"141","3S","2C","3","S",2,"2","C",1
"142","3S","3C","3","S",2,"3","C",2
"143","3S","4C","3","S",2,"4","C",3
"144","3S","5C","3","S",2,"5","C",4
"145","3S","6C","3","S",2,"6","C",5
"146","3S","7C","3","S",2,"7","C",6
"147","3S","8C","3","S",2,"8","C",7
"148","3S","9C","3","S",2,"9","C",8
"149","3S","10C","3","S",2,"10","C",9
"150","3S","JC","3","S",2,"J","C",10
"151","3S","QC","3","S",2,"Q","C",11
"152","3S","KC","3","S",2,"K","C",12
"153","3S","AC","3","S",2,"A","C",13
"154","4S","5S","4","S",3,"5","S",4
"155","4S","6S","4","S",3,"6","S",5
"156","4S","7S","4","S",3,"7","S",6
"157","4S","8S","4","S",3,"8","S",7
"158","4S","9S","4","S",3,"9","S",8
"159","4S","10S","4","S",3,"10","S",9
"160","4S","JS","4","S",3,"J","S",10
"161","4S","QS","4","S",3,"Q","S",11
"162","4S","KS","4","S",3,"K","S",12
"163","4S","AS","4","S",3,"A","S",13
"164","4S","2H","4","S",3,"2","H",1
"165","4S","3H","4","S",3,"3","H",2
"166","4S","4H","4","S",3,"4","H",3
"167","4S","5H","4","S",3,"5","H",4
"168","4S","6H","4","S",3,"6","H",5
"169","4S","7H","4","S",3,"7","H",6
"170","4S","8H","4","S",3,"8","H",7
"171","4S","9H","4","S",3,"9","H",8
"172","4S","10H","4","S",3,"10","H",9
"173","4S","JH","4","S",3,"J","H",10
"174","4S","QH","4","S",3,"Q","H",11
"175","4S","KH","4","S",3,"K","H",12
"176","4S","AH","4","S",3,"A","H",13
"177","4S","2D","4","S",3,"2","D",1
"178","4S","3D","4","S",3,"3","D",2
"179","4S","4D","4","S",3,"4","D",3
"180","4S","5D","4","S",3,"5","D",4
"181","4S","6D","4","S",3,"6","D",5
"182","4S","7D","4","S",3,"7","D",6
"183","4S","8D","4","S",3,"8","D",7
"184","4S","9D","4","S",3,"9","D",8
"185","4S","10D","4","S",3,"10","D",9
"186","4S","JD","4","S",3,"J","D",10
"187","4S","QD","4","S",3,"Q","D",11
"188","4S","KD","4","S",3,"K","D",12
"189","4S","AD","4","S",3,"A","D",13
"190","4S","2C","4","S",3,"2","C",1
"191","4S","3C","4","S",3,"3","C",2
"192","4S","4C","4","S",3,"4","C",3
"193","4S","5C","4","S",3,"5","C",4
"194","4S","6C","4","S",3,"6","C",5
"195","4S","7C","4","S",3,"7","C",6
"196","4S","8C","4","S",3,"8","C",7
"197","4S","9C","4","S",3,"9","C",8
"198","4S","10C","4","S",3,"10","C",9
"199","4S","JC","4","S",3,"J","C",10
"200","4S","QC","4","S",3,"Q","C",11
"201","4S","KC","4","S",3,"K","C",12
"202","4S","AC","4","S",3,"A","C",13
"203","5S","6S","5","S",4,"6","S",5
"204","5S","7S","5","S",4,"7","S",6
"205","5S","8S","5","S",4,"8","S",7
"206","5S","9S","5","S",4,"9","S",8
"207","5S","10S","5","S",4,"10","S",9
"208","5S","JS","5","S",4,"J","S",10
"209","5S","QS","5","S",4,"Q","S",11
"210","5S","KS","5","S",4,"K","S",12
"211","5S","AS","5","S",4,"A","S",13
"212","5S","2H","5","S",4,"2","H",1
"213","5S","3H","5","S",4,"3","H",2
"214","5S","4H","5","S",4,"4","H",3
"215","5S","5H","5","S",4,"5","H",4
"216","5S","6H","5","S",4,"6","H",5
"217","5S","7H","5","S",4,"7","H",6
"218","5S","8H","5","S",4,"8","H",7
"219","5S","9H","5","S",4,"9","H",8
"220","5S","10H","5","S",4,"10","H",9
"221","5S","JH","5","S",4,"J","H",10
"222","5S","QH","5","S",4,"Q","H",11
"223","5S","KH","5","S",4,"K","H",12
"224","5S","AH","5","S",4,"A","H",13
"225","5S","2D","5","S",4,"2","D",1
"226","5S","3D","5","S",4,"3","D",2
"227","5S","4D","5","S",4,"4","D",3
"228","5S","5D","5","S",4,"5","D",4
"229","5S","6D","5","S",4,"6","D",5
"230","5S","7D","5","S",4,"7","D",6
"231","5S","8D","5","S",4,"8","D",7
"232","5S","9D","5","S",4,"9","D",8
"233","5S","10D","5","S",4,"10","D",9
"234","5S","JD","5","S",4,"J","D",10
"235","5S","QD","5","S",4,"Q","D",11
"236","5S","KD","5","S",4,"K","D",12
"237","5S","AD","5","S",4,"A","D",13
"238","5S","2C","5","S",4,"2","C",1
"239","5S","3C","5","S",4,"3","C",2
"240","5S","4C","5","S",4,"4","C",3
"241","5S","5C","5","S",4,"5","C",4
"242","5S","6C","5","S",4,"6","C",5
"243","5S","7C","5","S",4,"7","C",6
"244","5S","8C","5","S",4,"8","C",7
"245","5S","9C","5","S",4,"9","C",8
"246","5S","10C","5","S",4,"10","C",9
"247","5S","JC","5","S",4,"J","C",10
"248","5S","QC","5","S",4,"Q","C",11
"249","5S","KC","5","S",4,"K","C",12
"250","5S","AC","5","S",4,"A","C",13
"251","6S","7S","6","S",5,"7","S",6
"252","6S","8S","6","S",5,"8","S",7
"253","6S","9S","6","S",5,"9","S",8
"254","6S","10S","6","S",5,"10","S",9
"255","6S","JS","6","S",5,"J","S",10
"256","6S","QS","6","S",5,"Q","S",11
"257","6S","KS","6","S",5,"K","S",12
"258","6S","AS","6","S",5,"A","S",13
"259","6S","2H","6","S",5,"2","H",1
"260","6S","3H","6","S",5,"3","H",2
"261","6S","4H","6","S",5,"4","H",3
"262","6S","5H","6","S",5,"5","H",4
"263","6S","6H","6","S",5,"6","H",5
"264","6S","7H","6","S",5,"7","H",6
"265","6S","8H","6","S",5,"8","H",7
"266","6S","9H","6","S",5,"9","H",8
"267","6S","10H","6","S",5,"10","H",9
"268","6S","JH","6","S",5,"J","H",10
"269","6S","QH","6","S",5,"Q","H",11
"270","6S","KH","6","S",5,"K","H",12
"271","6S","AH","6","S",5,"A","H",13
"272","6S","2D","6","S",5,"2","D",1
"273","6S","3D","6","S",5,"3","D",2
"274","6S","4D","6","S",5,"4","D",3
"275","6S","5D","6","S",5,"5","D",4
"276","6S","6D","6","S",5,"6","D",5
"277","6S","7D","6","S",5,"7","D",6
"278","6S","8D","6","S",5,"8","D",7
"279","6S","9D","6","S",5,"9","D",8
"280","6S","10D","6","S",5,"10","D",9
"281","6S","JD","6","S",5,"J","D",10
"282","6S","QD","6","S",5,"Q","D",11
"283","6S","KD","6","S",5,"K","D",12
"284","6S","AD","6","S",5,"A","D",13
"285","6S","2C","6","S",5,"2","C",1
"286","6S","3C","6","S",5,"3","C",2
"287","6S","4C","6","S",5,"4","C",3
"288","6S","5C","6","S",5,"5","C",4
"289","6S","6C","6","S",5,"6","C",5
"290","6S","7C","6","S",5,"7","C",6
"291","6S","8C","6","S",5,"8","C",7
"292","6S","9C","6","S",5,"9","C",8
"293","6S","10C","6","S",5,"10","C",9
"294","6S","JC","6","S",5,"J","C",10
"295","6S","QC","6","S",5,"Q","C",11
"296","6S","KC","6","S",5,"K","C",12
"297","6S","AC","6","S",5,"A","C",13
"298","7S","8S","7","S",6,"8","S",7
"299","7S","9S","7","S",6,"9","S",8
"300","7S","10S","7","S",6,"10","S",9
"301","7S","JS","7","S",6,"J","S",10
"302","7S","QS","7","S",6,"Q","S",11
"303","7S","KS","7","S",6,"K","S",12
"304","7S","AS","7","S",6,"A","S",13
"305","7S","2H","7","S",6,"2","H",1
"306","7S","3H","7","S",6,"3","H",2
"307","7S","4H","7","S",6,"4","H",3
"308","7S","5H","7","S",6,"5","H",4
"309","7S","6H","7","S",6,"6","H",5
"310","7S","7H","7","S",6,"7","H",6
"311","7S","8H","7","S",6,"8","H",7
"312","7S","9H","7","S",6,"9","H",8
"313","7S","10H","7","S",6,"10","H",9
"314","7S","JH","7","S",6,"J","H",10
"315","7S","QH","7","S",6,"Q","H",11
"316","7S","KH","7","S",6,"K","H",12
"317","7S","AH","7","S",6,"A","H",13
"318","7S","2D","7","S",6,"2","D",1
"319","7S","3D","7","S",6,"3","D",2
"320","7S","4D","7","S",6,"4","D",3
"321","7S","5D","7","S",6,"5","D",4
"322","7S","6D","7","S",6,"6","D",5
"323","7S","7D","7","S",6,"7","D",6
"324","7S","8D","7","S",6,"8","D",7
"325","7S","9D","7","S",6,"9","D",8
"326","7S","10D","7","S",6,"10","D",9
"327","7S","JD","7","S",6,"J","D",10
"328","7S","QD","7","S",6,"Q","D",11
"329","7S","KD","7","S",6,"K","D",12
"330","7S","AD","7","S",6,"A","D",13
"331","7S","2C","7","S",6,"2","C",1
"332","7S","3C","7","S",6,"3","C",2
"333","7S","4C","7","S",6,"4","C",3
"334","7S","5C","7","S",6,"5","C",4
"335","7S","6C","7","S",6,"6","C",5
"336","7S","7C","7","S",6,"7","C",6
"337","7S","8C","7","S",6,"8","C",7
"338","7S","9C","7","S",6,"9","C",8
"339","7S","10C","7","S",6,"10","C",9
"340","7S","JC","7","S",6,"J","C",10
"341","7S","QC","7","S",6,"Q","C",11
"342","7S","KC","7","S",6,"K","C",12
"343","7S","AC","7","S",6,"A","C",13
"344","8S","9S","8","S",7,"9","S",8
"345","8S","10S","8","S",7,"10","S",9
"346","8S","JS","8","S",7,"J","S",10
"347","8S","QS","8","S",7,"Q","S",11
"348","8S","KS","8","S",7,"K","S",12
"349","8S","AS","8","S",7,"A","S",13
"350","8S","2H","8","S",7,"2","H",1
"351","8S","3H","8","S",7,"3","H",2
"352","8S","4H","8","S",7,"4","H",3
"353","8S","5H","8","S",7,"5","H",4
"354","8S","6H","8","S",7,"6","H",5
"355","8S","7H","8","S",7,"7","H",6
"356","8S","8H","8","S",7,"8","H",7
"357","8S","9H","8","S",7,"9","H",8
"358","8S","10H","8","S",7,"10","H",9
"359","8S","JH","8","S",7,"J","H",10
"360","8S","QH","8","S",7,"Q","H",11
"361","8S","KH","8","S",7,"K","H",12
"362","8S","AH","8","S",7,"A","H",13
"363","8S","2D","8","S",7,"2","D",1
"364","8S","3D","8","S",7,"3","D",2
"365","8S","4D","8","S",7,"4","D",3
"366","8S","5D","8","S",7,"5","D",4
"367","8S","6D","8","S",7,"6","D",5
"368","8S","7D","8","S",7,"7","D",6
"369","8S","8D","8","S",7,"8","D",7
"370","8S","9D","8","S",7,"9","D",8
"371","8S","10D","8","S",7,"10","D",9
"372","8S","JD","8","S",7,"J","D",10
"373","8S","QD","8","S",7,"Q","D",11
"374","8S","KD","8","S",7,"K","D",12
"375","8S","AD","8","S",7,"A","D",13
"376","8S","2C","8","S",7,"2","C",1
"377","8S","3C","8","S",7,"3","C",2
"378","8S","4C","8","S",7,"4","C",3
"379","8S","5C","8","S",7,"5","C",4
"380","8S","6C","8","S",7,"6","C",5
"381","8S","7C","8","S",7,"7","C",6
"382","8S","8C","8","S",7,"8","C",7
"383","8S","9C","8","S",7,"9","C",8
"384","8S","10C","8","S",7,"10","C",9
"385","8S","JC","8","S",7,"J","C",10
"386","8S","QC","8","S",7,"Q","C",11
"387","8S","KC","8","S",7,"K","C",12
"388","8S","AC","8","S",7,"A","C",13
"389","9S","10S","9","S",8,"10","S",9
"390","9S","JS","9","S",8,"J","S",10
"391","9S","QS","9","S",8,"Q","S",11
"392","9S","KS","9","S",8,"K","S",12
"393","9S","AS","9","S",8,"A","S",13
"394","9S","2H","9","S",8,"2","H",1
"395","9S","3H","9","S",8,"3","H",2
"396","9S","4H","9","S",8,"4","H",3
"397","9S","5H","9","S",8,"5","H",4
"398","9S","6H","9","S",8,"6","H",5
"399","9S","7H","9","S",8,"7","H",6
"400","9S","8H","9","S",8,"8","H",7
"401","9S","9H","9","S",8,"9","H",8
"402","9S","10H","9","S",8,"10","H",9
"403","9S","JH","9","S",8,"J","H",10
"404","9S","QH","9","S",8,"Q","H",11
"405","9S","KH","9","S",8,"K","H",12
"406","9S","AH","9","S",8,"A","H",13
"407","9S","2D","9","S",8,"2","D",1
"408","9S","3D","9","S",8,"3","D",2
"409","9S","4D","9","S",8,"4","D",3
"410","9S","5D","9","S",8,"5","D",4
"411","9S","6D","9","S",8,"6","D",5
"412","9S","7D","9","S",8,"7","D",6
"413","9S","8D","9","S",8,"8","D",7
"414","9S","9D","9","S",8,"9","D",8
"415","9S","10D","9","S",8,"10","D",9
"416","9S","JD","9","S",8,"J","D",10
"417","9S","QD","9","S",8,"Q","D",11
"418","9S","KD","9","S",8,"K","D",12
"419","9S","AD","9","S",8,"A","D",13
"420","9S","2C","9","S",8,"2","C",1
"421","9S","3C","9","S",8,"3","C",2
"422","9S","4C","9","S",8,"4","C",3
"423","9S","5C","9","S",8,"5","C",4
"424","9S","6C","9","S",8,"6","C",5
"425","9S","7C","9","S",8,"7","C",6
"426","9S","8C","9","S",8,"8","C",7
"427","9S","9C","9","S",8,"9","C",8
"428","9S","10C","9","S",8,"10","C",9
"429","9S","JC","9","S",8,"J","C",10
"430","9S","QC","9","S",8,"Q","C",11
"431","9S","KC","9","S",8,"K","C",12
"432","9S","AC","9","S",8,"A","C",13
"433","10S","JS","10","S",9,"J","S",10
"434","10S","QS","10","S",9,"Q","S",11
"435","10S","KS","10","S",9,"K","S",12
"436","10S","AS","10","S",9,"A","S",13
"437","10S","2H","10","S",9,"2","H",1
"438","10S","3H","10","S",9,"3","H",2
"439","10S","4H","10","S",9,"4","H",3
"440","10S","5H","10","S",9,"5","H",4
"441","10S","6H","10","S",9,"6","H",5
"442","10S","7H","10","S",9,"7","H",6
"443","10S","8H","10","S",9,"8","H",7
"444","10S","9H","10","S",9,"9","H",8
"445","10S","10H","10","S",9,"10","H",9
"446","10S","JH","10","S",9,"J","H",10
"447","10S","QH","10","S",9,"Q","H",11
"448","10S","KH","10","S",9,"K","H",12
"449","10S","AH","10","S",9,"A","H",13
"450","10S","2D","10","S",9,"2","D",1
"451","10S","3D","10","S",9,"3","D",2
"452","10S","4D","10","S",9,"4","D",3
"453","10S","5D","10","S",9,"5","D",4
"454","10S","6D","10","S",9,"6","D",5
"455","10S","7D","10","S",9,"7","D",6
"456","10S","8D","10","S",9,"8","D",7
"457","10S","9D","10","S",9,"9","D",8
"458","10S","10D","10","S",9,"10","D",9
"459","10S","JD","10","S",9,"J","D",10
"460","10S","QD","10","S",9,"Q","D",11
"461","10S","KD","10","S",9,"K","D",12
"462","10S","AD","10","S",9,"A","D",13
"463","10S","2C","10","S",9,"2","C",1
"464","10S","3C","10","S",9,"3","C",2
"465","10S","4C","10","S",9,"4","C",3
"466","10S","5C","10","S",9,"5","C",4
"467","10S","6C","10","S",9,"6","C",5
"468","10S","7C","10","S",9,"7","C",6
"469","10S","8C","10","S",9,"8","C",7
"470","10S","9C","10","S",9,"9","C",8
"471","10S","10C","10","S",9,"10","C",9
"472","10S","JC","10","S",9,"J","C",10
"473","10S","QC","10","S",9,"Q","C",11
"474","10S","KC","10","S",9,"K","C",12
"475","10S","AC","10","S",9,"A","C",13
"476","JS","QS","J","S",10,"Q","S",11
"477","JS","KS","J","S",10,"K","S",12
"478","JS","AS","J","S",10,"A","S",13
"479","JS","2H","J","S",10,"2","H",1
"480","JS","3H","J","S",10,"3","H",2
"481","JS","4H","J","S",10,"4","H",3
"482","JS","5H","J","S",10,"5","H",4
"483","JS","6H","J","S",10,"6","H",5
"484","JS","7H","J","S",10,"7","H",6
"485","JS","8H","J","S",10,"8","H",7
"486","JS","9H","J","S",10,"9","H",8
"487","JS","10H","J","S",10,"10","H",9
"488","JS","JH","J","S",10,"J","H",10
"489","JS","QH","J","S",10,"Q","H",11
"490","JS","KH","J","S",10,"K","H",12
"491","JS","AH","J","S",10,"A","H",13
"492","JS","2D","J","S",10,"2","D",1
"493","JS","3D","J","S",10,"3","D",2
"494","JS","4D","J","S",10,"4","D",3
"495","JS","5D","J","S",10,"5","D",4
"496","JS","6D","J","S",10,"6","D",5
"497","JS","7D","J","S",10,"7","D",6
"498","JS","8D","J","S",10,"8","D",7
"499","JS","9D","J","S",10,"9","D",8
"500","JS","10D","J","S",10,"10","D",9
"501","JS","JD","J","S",10,"J","D",10
"502","JS","QD","J","S",10,"Q","D",11
"503","JS","KD","J","S",10,"K","D",12
"504","JS","AD","J","S",10,"A","D",13
"505","JS","2C","J","S",10,"2","C",1
"506","JS","3C","J","S",10,"3","C",2
"507","JS","4C","J","S",10,"4","C",3
"508","JS","5C","J","S",10,"5","C",4
"509","JS","6C","J","S",10,"6","C",5
"510","JS","7C","J","S",10,"7","C",6
"511","JS","8C","J","S",10,"8","C",7
"512","JS","9C","J","S",10,"9","C",8
"513","JS","10C","J","S",10,"10","C",9
"514","JS","JC","J","S",10,"J","C",10
"515","JS","QC","J","S",10,"Q","C",11
"516","JS","KC","J","S",10,"K","C",12
"517","JS","AC","J","S",10,"A","C",13
"518","QS","KS","Q","S",11,"K","S",12
"519","QS","AS","Q","S",11,"A","S",13
"520","QS","2H","Q","S",11,"2","H",1
"521","QS","3H","Q","S",11,"3","H",2
"522","QS","4H","Q","S",11,"4","H",3
"523","QS","5H","Q","S",11,"5","H",4
"524","QS","6H","Q","S",11,"6","H",5
"525","QS","7H","Q","S",11,"7","H",6
"526","QS","8H","Q","S",11,"8","H",7
"527","QS","9H","Q","S",11,"9","H",8
"528","QS","10H","Q","S",11,"10","H",9
"529","QS","JH","Q","S",11,"J","H",10
"530","QS","QH","Q","S",11,"Q","H",11
"531","QS","KH","Q","S",11,"K","H",12
"532","QS","AH","Q","S",11,"A","H",13
"533","QS","2D","Q","S",11,"2","D",1
"534","QS","3D","Q","S",11,"3","D",2
"535","QS","4D","Q","S",11,"4","D",3
"536","QS","5D","Q","S",11,"5","D",4
"537","QS","6D","Q","S",11,"6","D",5
"538","QS","7D","Q","S",11,"7","D",6
"539","QS","8D","Q","S",11,"8","D",7
"540","QS","9D","Q","S",11,"9","D",8
"541","QS","10D","Q","S",11,"10","D",9
"542","QS","JD","Q","S",11,"J","D",10
"543","QS","QD","Q","S",11,"Q","D",11
"544","QS","KD","Q","S",11,"K","D",12
"545","QS","AD","Q","S",11,"A","D",13
"546","QS","2C","Q","S",11,"2","C",1
"547","QS","3C","Q","S",11,"3","C",2
"548","QS","4C","Q","S",11,"4","C",3
"549","QS","5C","Q","S",11,"5","C",4
"550","QS","6C","Q","S",11,"6","C",5
"551","QS","7C","Q","S",11,"7","C",6
"552","QS","8C","Q","S",11,"8","C",7
"553","QS","9C","Q","S",11,"9","C",8
"554","QS","10C","Q","S",11,"10","C",9
"555","QS","JC","Q","S",11,"J","C",10
"556","QS","QC","Q","S",11,"Q","C",11
"557","QS","KC","Q","S",11,"K","C",12
"558","QS","AC","Q","S",11,"A","C",13
"559","KS","AS","K","S",12,"A","S",13
"560","KS","2H","K","S",12,"2","H",1
"561","KS","3H","K","S",12,"3","H",2
"562","KS","4H","K","S",12,"4","H",3
"563","KS","5H","K","S",12,"5","H",4
"564","KS","6H","K","S",12,"6","H",5
"565","KS","7H","K","S",12,"7","H",6
"566","KS","8H","K","S",12,"8","H",7
"567","KS","9H","K","S",12,"9","H",8
"568","KS","10H","K","S",12,"10","H",9
"569","KS","JH","K","S",12,"J","H",10
"570","KS","QH","K","S",12,"Q","H",11
"571","KS","KH","K","S",12,"K","H",12
"572","KS","AH","K","S",12,"A","H",13
"573","KS","2D","K","S",12,"2","D",1
"574","KS","3D","K","S",12,"3","D",2
"575","KS","4D","K","S",12,"4","D",3
"576","KS","5D","K","S",12,"5","D",4
"577","KS","6D","K","S",12,"6","D",5
"578","KS","7D","K","S",12,"7","D",6
"579","KS","8D","K","S",12,"8","D",7
"580","KS","9D","K","S",12,"9","D",8
"581","KS","10D","K","S",12,"10","D",9
"582","KS","JD","K","S",12,"J","D",10
"583","KS","QD","K","S",12,"Q","D",11
"584","KS","KD","K","S",12,"K","D",12
"585","KS","AD","K","S",12,"A","D",13
"586","KS","2C","K","S",12,"2","C",1
"587","KS","3C","K","S",12,"3","C",2
"588","KS","4C","K","S",12,"4","C",3
"589","KS","5C","K","S",12,"5","C",4
"590","KS","6C","K","S",12,"6","C",5
"591","KS","7C","K","S",12,"7","C",6
"592","KS","8C","K","S",12,"8","C",7
"593","KS","9C","K","S",12,"9","C",8
"594","KS","10C","K","S",12,"10","C",9
"595","KS","JC","K","S",12,"J","C",10
"596","KS","QC","K","S",12,"Q","C",11
"597","KS","KC","K","S",12,"K","C",12
"598","KS","AC","K","S",12,"A","C",13
"599","AS","2H","A","S",13,"2","H",1
"600","AS","3H","A","S",13,"3","H",2
"601","AS","4H","A","S",13,"4","H",3
"602","AS","5H","A","S",13,"5","H",4
"603","AS","6H","A","S",13,"6","H",5
"604","AS","7H","A","S",13,"7","H",6
"605","AS","8H","A","S",13,"8","H",7
"606","AS","9H","A","S",13,"9","H",8
"607","AS","10H","A","S",13,"10","H",9
"608","AS","JH","A","S",13,"J","H",10
"609","AS","QH","A","S",13,"Q","H",11
"610","AS","KH","A","S",13,"K","H",12
"611","AS","AH","A","S",13,"A","H",13
"612","AS","2D","A","S",13,"2","D",1
"613","AS","3D","A","S",13,"3","D",2
"614","AS","4D","A","S",13,"4","D",3
"615","AS","5D","A","S",13,"5","D",4
"616","AS","6D","A","S",13,"6","D",5
"617","AS","7D","A","S",13,"7","D",6
"618","AS","8D","A","S",13,"8","D",7
"619","AS","9D","A","S",13,"9","D",8
"620","AS","10D","A","S",13,"10","D",9
"621","AS","JD","A","S",13,"J","D",10
"622","AS","QD","A","S",13,"Q","D",11
"623","AS","KD","A","S",13,"K","D",12
"624","AS","AD","A","S",13,"A","D",13
"625","AS","2C","A","S",13,"2","C",1
"626","AS","3C","A","S",13,"3","C",2
"627","AS","4C","A","S",13,"4","C",3
"628","AS","5C","A","S",13,"5","C",4
"629","AS","6C","A","S",13,"6","C",5
"630","AS","7C","A","S",13,"7","C",6
"631","AS","8C","A","S",13,"8","C",7
"632","AS","9C","A","S",13,"9","C",8
"633","AS","10C","A","S",13,"10","C",9
"634","AS","JC","A","S",13,"J","C",10
"635","AS","QC","A","S",13,"Q","C",11
"636","AS","KC","A","S",13,"K","C",12
"637","AS","AC","A","S",13,"A","C",13
"638","2H","3H","2","H",1,"3","H",2
"639","2H","4H","2","H",1,"4","H",3
"640","2H","5H","2","H",1,"5","H",4
"641","2H","6H","2","H",1,"6","H",5
"642","2H","7H","2","H",1,"7","H",6
"643","2H","8H","2","H",1,"8","H",7
"644","2H","9H","2","H",1,"9","H",8
"645","2H","10H","2","H",1,"10","H",9
"646","2H","JH","2","H",1,"J","H",10
"647","2H","QH","2","H",1,"Q","H",11
"648","2H","KH","2","H",1,"K","H",12
"649","2H","AH","2","H",1,"A","H",13
"650","2H","2D","2","H",1,"2","D",1
"651","2H","3D","2","H",1,"3","D",2
"652","2H","4D","2","H",1,"4","D",3
"653","2H","5D","2","H",1,"5","D",4
"654","2H","6D","2","H",1,"6","D",5
"655","2H","7D","2","H",1,"7","D",6
"656","2H","8D","2","H",1,"8","D",7
"657","2H","9D","2","H",1,"9","D",8
"658","2H","10D","2","H",1,"10","D",9
"659","2H","JD","2","H",1,"J","D",10
"660","2H","QD","2","H",1,"Q","D",11
"661","2H","KD","2","H",1,"K","D",12
"662","2H","AD","2","H",1,"A","D",13
"663","2H","2C","2","H",1,"2","C",1
"664","2H","3C","2","H",1,"3","C",2
"665","2H","4C","2","H",1,"4","C",3
"666","2H","5C","2","H",1,"5","C",4
"667","2H","6C","2","H",1,"6","C",5
"668","2H","7C","2","H",1,"7","C",6
"669","2H","8C","2","H",1,"8","C",7
"670","2H","9C","2","H",1,"9","C",8
"671","2H","10C","2","H",1,"10","C",9
"672","2H","JC","2","H",1,"J","C",10
"673","2H","QC","2","H",1,"Q","C",11
"674","2H","KC","2","H",1,"K","C",12
"675","2H","AC","2","H",1,"A","C",13
"676","3H","4H","3","H",2,"4","H",3
"677","3H","5H","3","H",2,"5","H",4
"678","3H","6H","3","H",2,"6","H",5
"679","3H","7H","3","H",2,"7","H",6
"680","3H","8H","3","H",2,"8","H",7
"681","3H","9H","3","H",2,"9","H",8
"682","3H","10H","3","H",2,"10","H",9
"683","3H","JH","3","H",2,"J","H",10
"684","3H","QH","3","H",2,"Q","H",11
"685","3H","KH","3","H",2,"K","H",12
"686","3H","AH","3","H",2,"A","H",13
"687","3H","2D","3","H",2,"2","D",1
"688","3H","3D","3","H",2,"3","D",2
"689","3H","4D","3","H",2,"4","D",3
"690","3H","5D","3","H",2,"5","D",4
"691","3H","6D","3","H",2,"6","D",5
"692","3H","7D","3","H",2,"7","D",6
"693","3H","8D","3","H",2,"8","D",7
"694","3H","9D","3","H",2,"9","D",8
"695","3H","10D","3","H",2,"10","D",9
"696","3H","JD","3","H",2,"J","D",10
"697","3H","QD","3","H",2,"Q","D",11
"698","3H","KD","3","H",2,"K","D",12
"699","3H","AD","3","H",2,"A","D",13
"700","3H","2C","3","H",2,"2","C",1
"701","3H","3C","3","H",2,"3","C",2
"702","3H","4C","3","H",2,"4","C",3
"703","3H","5C","3","H",2,"5","C",4
"704","3H","6C","3","H",2,"6","C",5
"705","3H","7C","3","H",2,"7","C",6
"706","3H","8C","3","H",2,"8","C",7
"707","3H","9C","3","H",2,"9","C",8
"708","3H","10C","3","H",2,"10","C",9
"709","3H","JC","3","H",2,"J","C",10
"710","3H","QC","3","H",2,"Q","C",11
"711","3H","KC","3","H",2,"K","C",12
"712","3H","AC","3","H",2,"A","C",13
"713","4H","5H","4","H",3,"5","H",4
"714","4H","6H","4","H",3,"6","H",5
"715","4H","7H","4","H",3,"7","H",6
"716","4H","8H","4","H",3,"8","H",7
"717","4H","9H","4","H",3,"9","H",8
"718","4H","10H","4","H",3,"10","H",9
"719","4H","JH","4","H",3,"J","H",10
"720","4H","QH","4","H",3,"Q","H",11
"721","4H","KH","4","H",3,"K","H",12
"722","4H","AH","4","H",3,"A","H",13
"723","4H","2D","4","H",3,"2","D",1
"724","4H","3D","4","H",3,"3","D",2
"725","4H","4D","4","H",3,"4","D",3
"726","4H","5D","4","H",3,"5","D",4
"727","4H","6D","4","H",3,"6","D",5
"728","4H","7D","4","H",3,"7","D",6
"729","4H","8D","4","H",3,"8","D",7
"730","4H","9D","4","H",3,"9","D",8
"731","4H","10D","4","H",3,"10","D",9
"732","4H","JD","4","H",3,"J","D",10
"733","4H","QD","4","H",3,"Q","D",11
"734","4H","KD","4","H",3,"K","D",12
"735","4H","AD","4","H",3,"A","D",13
"736","4H","2C","4","H",3,"2","C",1
"737","4H","3C","4","H",3,"3","C",2
"738","4H","4C","4","H",3,"4","C",3
"739","4H","5C","4","H",3,"5","C",4
"740","4H","6C","4","H",3,"6","C",5
"741","4H","7C","4","H",3,"7","C",6
"742","4H","8C","4","H",3,"8","C",7
"743","4H","9C","4","H",3,"9","C",8
"744","4H","10C","4","H",3,"10","C",9
"745","4H","JC","4","H",3,"J","C",10
"746","4H","QC","4","H",3,"Q","C",11
"747","4H","KC","4","H",3,"K","C",12
"748","4H","AC","4","H",3,"A","C",13
"749","5H","6H","5","H",4,"6","H",5
"750","5H","7H","5","H",4,"7","H",6
"751","5H","8H","5","H",4,"8","H",7
"752","5H","9H","5","H",4,"9","H",8
"753","5H","10H","5","H",4,"10","H",9
"754","5H","JH","5","H",4,"J","H",10
"755","5H","QH","5","H",4,"Q","H",11
"756","5H","KH","5","H",4,"K","H",12
"757","5H","AH","5","H",4,"A","H",13
"758","5H","2D","5","H",4,"2","D",1
"759","5H","3D","5","H",4,"3","D",2
"760","5H","4D","5","H",4,"4","D",3
"761","5H","5D","5","H",4,"5","D",4
"762","5H","6D","5","H",4,"6","D",5
"763","5H","7D","5","H",4,"7","D",6
"764","5H","8D","5","H",4,"8","D",7
"765","5H","9D","5","H",4,"9","D",8
"766","5H","10D","5","H",4,"10","D",9
"767","5H","JD","5","H",4,"J","D",10
"768","5H","QD","5","H",4,"Q","D",11
"769","5H","KD","5","H",4,"K","D",12
"770","5H","AD","5","H",4,"A","D",13
"771","5H","2C","5","H",4,"2","C",1
"772","5H","3C","5","H",4,"3","C",2
"773","5H","4C","5","H",4,"4","C",3
"774","5H","5C","5","H",4,"5","C",4
"775","5H","6C","5","H",4,"6","C",5
"776","5H","7C","5","H",4,"7","C",6
"777","5H","8C","5","H",4,"8","C",7
"778","5H","9C","5","H",4,"9","C",8
"779","5H","10C","5","H",4,"10","C",9
"780","5H","JC","5","H",4,"J","C",10
"781","5H","QC","5","H",4,"Q","C",11
"782","5H","KC","5","H",4,"K","C",12
"783","5H","AC","5","H",4,"A","C",13
"784","6H","7H","6","H",5,"7","H",6
"785","6H","8H","6","H",5,"8","H",7
"786","6H","9H","6","H",5,"9","H",8
"787","6H","10H","6","H",5,"10","H",9
"788","6H","JH","6","H",5,"J","H",10
"789","6H","QH","6","H",5,"Q","H",11
"790","6H","KH","6","H",5,"K","H",12
"791","6H","AH","6","H",5,"A","H",13
"792","6H","2D","6","H",5,"2","D",1
"793","6H","3D","6","H",5,"3","D",2
"794","6H","4D","6","H",5,"4","D",3
"795","6H","5D","6","H",5,"5","D",4
"796","6H","6D","6","H",5,"6","D",5
"797","6H","7D","6","H",5,"7","D",6
"798","6H","8D","6","H",5,"8","D",7
"799","6H","9D","6","H",5,"9","D",8
"800","6H","10D","6","H",5,"10","D",9
"801","6H","JD","6","H",5,"J","D",10
"802","6H","QD","6","H",5,"Q","D",11
"803","6H","KD","6","H",5,"K","D",12
"804","6H","AD","6","H",5,"A","D",13
"805","6H","2C","6","H",5,"2","C",1
"806","6H","3C","6","H",5,"3","C",2
"807","6H","4C","6","H",5,"4","C",3
"808","6H","5C","6","H",5,"5","C",4
"809","6H","6C","6","H",5,"6","C",5
"810","6H","7C","6","H",5,"7","C",6
"811","6H","8C","6","H",5,"8","C",7
"812","6H","9C","6","H",5,"9","C",8
"813","6H","10C","6","H",5,"10","C",9
"814","6H","JC","6","H",5,"J","C",10
"815","6H","QC","6","H",5,"Q","C",11
"816","6H","KC","6","H",5,"K","C",12
"817","6H","AC","6","H",5,"A","C",13
"818","7H","8H","7","H",6,"8","H",7
"819","7H","9H","7","H",6,"9","H",8
"820","7H","10H","7","H",6,"10","H",9
"821","7H","JH","7","H",6,"J","H",10
"822","7H","QH","7","H",6,"Q","H",11
"823","7H","KH","7","H",6,"K","H",12
"824","7H","AH","7","H",6,"A","H",13
"825","7H","2D","7","H",6,"2","D",1
"826","7H","3D","7","H",6,"3","D",2
"827","7H","4D","7","H",6,"4","D",3
"828","7H","5D","7","H",6,"5","D",4
"829","7H","6D","7","H",6,"6","D",5
"830","7H","7D","7","H",6,"7","D",6
"831","7H","8D","7","H",6,"8","D",7
"832","7H","9D","7","H",6,"9","D",8
"833","7H","10D","7","H",6,"10","D",9
"834","7H","JD","7","H",6,"J","D",10
"835","7H","QD","7","H",6,"Q","D",11
"836","7H","KD","7","H",6,"K","D",12
"837","7H","AD","7","H",6,"A","D",13
"838","7H","2C","7","H",6,"2","C",1
"839","7H","3C","7","H",6,"3","C",2
"840","7H","4C","7","H",6,"4","C",3
"841","7H","5C","7","H",6,"5","C",4
"842","7H","6C","7","H",6,"6","C",5
"843","7H","7C","7","H",6,"7","C",6
"844","7H","8C","7","H",6,"8","C",7
"845","7H","9C","7","H",6,"9","C",8
"846","7H","10C","7","H",6,"10","C",9
"847","7H","JC","7","H",6,"J","C",10
"848","7H","QC","7","H",6,"Q","C",11
"849","7H","KC","7","H",6,"K","C",12
"850","7H","AC","7","H",6,"A","C",13
"851","8H","9H","8","H",7,"9","H",8
"852","8H","10H","8","H",7,"10","H",9
"853","8H","JH","8","H",7,"J","H",10
"854","8H","QH","8","H",7,"Q","H",11
"855","8H","KH","8","H",7,"K","H",12
"856","8H","AH","8","H",7,"A","H",13
"857","8H","2D","8","H",7,"2","D",1
"858","8H","3D","8","H",7,"3","D",2
"859","8H","4D","8","H",7,"4","D",3
"860","8H","5D","8","H",7,"5","D",4
"861","8H","6D","8","H",7,"6","D",5
"862","8H","7D","8","H",7,"7","D",6
"863","8H","8D","8","H",7,"8","D",7
"864","8H","9D","8","H",7,"9","D",8
"865","8H","10D","8","H",7,"10","D",9
"866","8H","JD","8","H",7,"J","D",10
"867","8H","QD","8","H",7,"Q","D",11
"868","8H","KD","8","H",7,"K","D",12
"869","8H","AD","8","H",7,"A","D",13
"870","8H","2C","8","H",7,"2","C",1
"871","8H","3C","8","H",7,"3","C",2
"872","8H","4C","8","H",7,"4","C",3
"873","8H","5C","8","H",7,"5","C",4
"874","8H","6C","8","H",7,"6","C",5
"875","8H","7C","8","H",7,"7","C",6
"876","8H","8C","8","H",7,"8","C",7
"877","8H","9C","8","H",7,"9","C",8
"878","8H","10C","8","H",7,"10","C",9
"879","8H","JC","8","H",7,"J","C",10
"880","8H","QC","8","H",7,"Q","C",11
"881","8H","KC","8","H",7,"K","C",12
"882","8H","AC","8","H",7,"A","C",13
"883","9H","10H","9","H",8,"10","H",9
"884","9H","JH","9","H",8,"J","H",10
"885","9H","QH","9","H",8,"Q","H",11
"886","9H","KH","9","H",8,"K","H",12
"887","9H","AH","9","H",8,"A","H",13
"888","9H","2D","9","H",8,"2","D",1
"889","9H","3D","9","H",8,"3","D",2
"890","9H","4D","9","H",8,"4","D",3
"891","9H","5D","9","H",8,"5","D",4
"892","9H","6D","9","H",8,"6","D",5
"893","9H","7D","9","H",8,"7","D",6
"894","9H","8D","9","H",8,"8","D",7
"895","9H","9D","9","H",8,"9","D",8
"896","9H","10D","9","H",8,"10","D",9
"897","9H","JD","9","H",8,"J","D",10
"898","9H","QD","9","H",8,"Q","D",11
"899","9H","KD","9","H",8,"K","D",12
"900","9H","AD","9","H",8,"A","D",13
"901","9H","2C","9","H",8,"2","C",1
"902","9H","3C","9","H",8,"3","C",2
"903","9H","4C","9","H",8,"4","C",3
"904","9H","5C","9","H",8,"5","C",4
"905","9H","6C","9","H",8,"6","C",5
"906","9H","7C","9","H",8,"7","C",6
"907","9H","8C","9","H",8,"8","C",7
"908","9H","9C","9","H",8,"9","C",8
"909","9H","10C","9","H",8,"10","C",9
"910","9H","JC","9","H",8,"J","C",10
"911","9H","QC","9","H",8,"Q","C",11
"912","9H","KC","9","H",8,"K","C",12
"913","9H","AC","9","H",8,"A","C",13
"914","10H","JH","10","H",9,"J","H",10
"915","10H","QH","10","H",9,"Q","H",11
"916","10H","KH","10","H",9,"K","H",12
"917","10H","AH","10","H",9,"A","H",13
"918","10H","2D","10","H",9,"2","D",1
"919","10H","3D","10","H",9,"3","D",2
"920","10H","4D","10","H",9,"4","D",3
"921","10H","5D","10","H",9,"5","D",4
"922","10H","6D","10","H",9,"6","D",5
"923","10H","7D","10","H",9,"7","D",6
"924","10H","8D","10","H",9,"8","D",7
"925","10H","9D","10","H",9,"9","D",8
"926","10H","10D","10","H",9,"10","D",9
"927","10H","JD","10","H",9,"J","D",10
"928","10H","QD","10","H",9,"Q","D",11
"929","10H","KD","10","H",9,"K","D",12
"930","10H","AD","10","H",9,"A","D",13
"931","10H","2C","10","H",9,"2","C",1
"932","10H","3C","10","H",9,"3","C",2
"933","10H","4C","10","H",9,"4","C",3
"934","10H","5C","10","H",9,"5","C",4
"935","10H","6C","10","H",9,"6","C",5
"936","10H","7C","10","H",9,"7","C",6
"937","10H","8C","10","H",9,"8","C",7
"938","10H","9C","10","H",9,"9","C",8
"939","10H","10C","10","H",9,"10","C",9
"940","10H","JC","10","H",9,"J","C",10
"941","10H","QC","10","H",9,"Q","C",11
"942","10H","KC","10","H",9,"K","C",12
"943","10H","AC","10","H",9,"A","C",13
"944","JH","QH","J","H",10,"Q","H",11
"945","JH","KH","J","H",10,"K","H",12
"946","JH","AH","J","H",10,"A","H",13
"947","JH","2D","J","H",10,"2","D",1
"948","JH","3D","J","H",10,"3","D",2
"949","JH","4D","J","H",10,"4","D",3
"950","JH","5D","J","H",10,"5","D",4
"951","JH","6D","J","H",10,"6","D",5
"952","JH","7D","J","H",10,"7","D",6
"953","JH","8D","J","H",10,"8","D",7
"954","JH","9D","J","H",10,"9","D",8
"955","JH","10D","J","H",10,"10","D",9
"956","JH","JD","J","H",10,"J","D",10
"957","JH","QD","J","H",10,"Q","D",11
"958","JH","KD","J","H",10,"K","D",12
"959","JH","AD","J","H",10,"A","D",13
"960","JH","2C","J","H",10,"2","C",1
"961","JH","3C","J","H",10,"3","C",2
"962","JH","4C","J","H",10,"4","C",3
"963","JH","5C","J","H",10,"5","C",4
"964","JH","6C","J","H",10,"6","C",5
"965","JH","7C","J","H",10,"7","C",6
"966","JH","8C","J","H",10,"8","C",7
"967","JH","9C","J","H",10,"9","C",8
"968","JH","10C","J","H",10,"10","C",9
"969","JH","JC","J","H",10,"J","C",10
"970","JH","QC","J","H",10,"Q","C",11
"971","JH","KC","J","H",10,"K","C",12
"972","JH","AC","J","H",10,"A","C",13
"973","QH","KH","Q","H",11,"K","H",12
"974","QH","AH","Q","H",11,"A","H",13
"975","QH","2D","Q","H",11,"2","D",1
"976","QH","3D","Q","H",11,"3","D",2
"977","QH","4D","Q","H",11,"4","D",3
"978","QH","5D","Q","H",11,"5","D",4
"979","QH","6D","Q","H",11,"6","D",5
"980","QH","7D","Q","H",11,"7","D",6
"981","QH","8D","Q","H",11,"8","D",7
"982","QH","9D","Q","H",11,"9","D",8
"983","QH","10D","Q","H",11,"10","D",9
"984","QH","JD","Q","H",11,"J","D",10
"985","QH","QD","Q","H",11,"Q","D",11
"986","QH","KD","Q","H",11,"K","D",12
"987","QH","AD","Q","H",11,"A","D",13
"988","QH","2C","Q","H",11,"2","C",1
"989","QH","3C","Q","H",11,"3","C",2
"990","QH","4C","Q","H",11,"4","C",3
"991","QH","5C","Q","H",11,"5","C",4
"992","QH","6C","Q","H",11,"6","C",5
"993","QH","7C","Q","H",11,"7","C",6
"994","QH","8C","Q","H",11,"8","C",7
"995","QH","9C","Q","H",11,"9","C",8
"996","QH","10C","Q","H",11,"10","C",9
"997","QH","JC","Q","H",11,"J","C",10
"998","QH","QC","Q","H",11,"Q","C",11
"999","QH","KC","Q","H",11,"K","C",12
"1000","QH","AC","Q","H",11,"A","C",13
"1001","KH","AH","K","H",12,"A","H",13
"1002","KH","2D","K","H",12,"2","D",1
"1003","KH","3D","K","H",12,"3","D",2
"1004","KH","4D","K","H",12,"4","D",3
"1005","KH","5D","K","H",12,"5","D",4
"1006","KH","6D","K","H",12,"6","D",5
"1007","KH","7D","K","H",12,"7","D",6
"1008","KH","8D","K","H",12,"8","D",7
"1009","KH","9D","K","H",12,"9","D",8
"1010","KH","10D","K","H",12,"10","D",9
"1011","KH","JD","K","H",12,"J","D",10
"1012","KH","QD","K","H",12,"Q","D",11
"1013","KH","KD","K","H",12,"K","D",12
"1014","KH","AD","K","H",12,"A","D",13
"1015","KH","2C","K","H",12,"2","C",1
"1016","KH","3C","K","H",12,"3","C",2
"1017","KH","4C","K","H",12,"4","C",3
"1018","KH","5C","K","H",12,"5","C",4
"1019","KH","6C","K","H",12,"6","C",5
"1020","KH","7C","K","H",12,"7","C",6
"1021","KH","8C","K","H",12,"8","C",7
"1022","KH","9C","K","H",12,"9","C",8
"1023","KH","10C","K","H",12,"10","C",9
"1024","KH","JC","K","H",12,"J","C",10
"1025","KH","QC","K","H",12,"Q","C",11
"1026","KH","KC","K","H",12,"K","C",12
"1027","KH","AC","K","H",12,"A","C",13
"1028","AH","2D","A","H",13,"2","D",1
"1029","AH","3D","A","H",13,"3","D",2
"1030","AH","4D","A","H",13,"4","D",3
"1031","AH","5D","A","H",13,"5","D",4
"1032","AH","6D","A","H",13,"6","D",5
"1033","AH","7D","A","H",13,"7","D",6
"1034","AH","8D","A","H",13,"8","D",7
"1035","AH","9D","A","H",13,"9","D",8
"1036","AH","10D","A","H",13,"10","D",9
"1037","AH","JD","A","H",13,"J","D",10
"1038","AH","QD","A","H",13,"Q","D",11
"1039","AH","KD","A","H",13,"K","D",12
"1040","AH","AD","A","H",13,"A","D",13
"1041","AH","2C","A","H",13,"2","C",1
"1042","AH","3C","A","H",13,"3","C",2
"1043","AH","4C","A","H",13,"4","C",3
"1044","AH","5C","A","H",13,"5","C",4
"1045","AH","6C","A","H",13,"6","C",5
"1046","AH","7C","A","H",13,"7","C",6
"1047","AH","8C","A","H",13,"8","C",7
"1048","AH","9C","A","H",13,"9","C",8
"1049","AH","10C","A","H",13,"10","C",9
"1050","AH","JC","A","H",13,"J","C",10
"1051","AH","QC","A","H",13,"Q","C",11
"1052","AH","KC","A","H",13,"K","C",12
"1053","AH","AC","A","H",13,"A","C",13
"1054","2D","3D","2","D",1,"3","D",2
"1055","2D","4D","2","D",1,"4","D",3
"1056","2D","5D","2","D",1,"5","D",4
"1057","2D","6D","2","D",1,"6","D",5
"1058","2D","7D","2","D",1,"7","D",6
"1059","2D","8D","2","D",1,"8","D",7
"1060","2D","9D","2","D",1,"9","D",8
"1061","2D","10D","2","D",1,"10","D",9
"1062","2D","JD","2","D",1,"J","D",10
"1063","2D","QD","2","D",1,"Q","D",11
"1064","2D","KD","2","D",1,"K","D",12
"1065","2D","AD","2","D",1,"A","D",13
"1066","2D","2C","2","D",1,"2","C",1
"1067","2D","3C","2","D",1,"3","C",2
"1068","2D","4C","2","D",1,"4","C",3
"1069","2D","5C","2","D",1,"5","C",4
"1070","2D","6C","2","D",1,"6","C",5
"1071","2D","7C","2","D",1,"7","C",6
"1072","2D","8C","2","D",1,"8","C",7
"1073","2D","9C","2","D",1,"9","C",8
"1074","2D","10C","2","D",1,"10","C",9
"1075","2D","JC","2","D",1,"J","C",10
"1076","2D","QC","2","D",1,"Q","C",11
"1077","2D","KC","2","D",1,"K","C",12
"1078","2D","AC","2","D",1,"A","C",13
"1079","3D","4D","3","D",2,"4","D",3
"1080","3D","5D","3","D",2,"5","D",4
"1081","3D","6D","3","D",2,"6","D",5
"1082","3D","7D","3","D",2,"7","D",6
"1083","3D","8D","3","D",2,"8","D",7
"1084","3D","9D","3","D",2,"9","D",8
"1085","3D","10D","3","D",2,"10","D",9
"1086","3D","JD","3","D",2,"J","D",10
"1087","3D","QD","3","D",2,"Q","D",11
"1088","3D","KD","3","D",2,"K","D",12
"1089","3D","AD","3","D",2,"A","D",13
"1090","3D","2C","3","D",2,"2","C",1
"1091","3D","3C","3","D",2,"3","C",2
"1092","3D","4C","3","D",2,"4","C",3
"1093","3D","5C","3","D",2,"5","C",4
"1094","3D","6C","3","D",2,"6","C",5
"1095","3D","7C","3","D",2,"7","C",6
"1096","3D","8C","3","D",2,"8","C",7
"1097","3D","9C","3","D",2,"9","C",8
"1098","3D","10C","3","D",2,"10","C",9
"1099","3D","JC","3","D",2,"J","C",10
"1100","3D","QC","3","D",2,"Q","C",11
"1101","3D","KC","3","D",2,"K","C",12
"1102","3D","AC","3","D",2,"A","C",13
"1103","4D","5D","4","D",3,"5","D",4
"1104","4D","6D","4","D",3,"6","D",5
"1105","4D","7D","4","D",3,"7","D",6
"1106","4D","8D","4","D",3,"8","D",7
"1107","4D","9D","4","D",3,"9","D",8
"1108","4D","10D","4","D",3,"10","D",9
"1109","4D","JD","4","D",3,"J","D",10
"1110","4D","QD","4","D",3,"Q","D",11
"1111","4D","KD","4","D",3,"K","D",12
"1112","4D","AD","4","D",3,"A","D",13
"1113","4D","2C","4","D",3,"2","C",1
"1114","4D","3C","4","D",3,"3","C",2
"1115","4D","4C","4","D",3,"4","C",3
"1116","4D","5C","4","D",3,"5","C",4
"1117","4D","6C","4","D",3,"6","C",5
"1118","4D","7C","4","D",3,"7","C",6
"1119","4D","8C","4","D",3,"8","C",7
"1120","4D","9C","4","D",3,"9","C",8
"1121","4D","10C","4","D",3,"10","C",9
"1122","4D","JC","4","D",3,"J","C",10
"1123","4D","QC","4","D",3,"Q","C",11
"1124","4D","KC","4","D",3,"K","C",12
"1125","4D","AC","4","D",3,"A","C",13
"1126","5D","6D","5","D",4,"6","D",5
"1127","5D","7D","5","D",4,"7","D",6
"1128","5D","8D","5","D",4,"8","D",7
"1129","5D","9D","5","D",4,"9","D",8
"1130","5D","10D","5","D",4,"10","D",9
"1131","5D","JD","5","D",4,"J","D",10
"1132","5D","QD","5","D",4,"Q","D",11
"1133","5D","KD","5","D",4,"K","D",12
"1134","5D","AD","5","D",4,"A","D",13
"1135","5D","2C","5","D",4,"2","C",1
"1136","5D","3C","5","D",4,"3","C",2
"1137","5D","4C","5","D",4,"4","C",3
"1138","5D","5C","5","D",4,"5","C",4
"1139","5D","6C","5","D",4,"6","C",5
"1140","5D","7C","5","D",4,"7","C",6
"1141","5D","8C","5","D",4,"8","C",7
"1142","5D","9C","5","D",4,"9","C",8
"1143","5D","10C","5","D",4,"10","C",9
"1144","5D","JC","5","D",4,"J","C",10
"1145","5D","QC","5","D",4,"Q","C",11
"1146","5D","KC","5","D",4,"K","C",12
"1147","5D","AC","5","D",4,"A","C",13
"1148","6D","7D","6","D",5,"7","D",6
"1149","6D","8D","6","D",5,"8","D",7
"1150","6D","9D","6","D",5,"9","D",8
"1151","6D","10D","6","D",5,"10","D",9
"1152","6D","JD","6","D",5,"J","D",10
"1153","6D","QD","6","D",5,"Q","D",11
"1154","6D","KD","6","D",5,"K","D",12
"1155","6D","AD","6","D",5,"A","D",13
"1156","6D","2C","6","D",5,"2","C",1
"1157","6D","3C","6","D",5,"3","C",2
"1158","6D","4C","6","D",5,"4","C",3
"1159","6D","5C","6","D",5,"5","C",4
"1160","6D","6C","6","D",5,"6","C",5
"1161","6D","7C","6","D",5,"7","C",6
"1162","6D","8C","6","D",5,"8","C",7
"1163","6D","9C","6","D",5,"9","C",8
"1164","6D","10C","6","D",5,"10","C",9
"1165","6D","JC","6","D",5,"J","C",10
"1166","6D","QC","6","D",5,"Q","C",11
"1167","6D","KC","6","D",5,"K","C",12
"1168","6D","AC","6","D",5,"A","C",13
"1169","7D","8D","7","D",6,"8","D",7
"1170","7D","9D","7","D",6,"9","D",8
"1171","7D","10D","7","D",6,"10","D",9
"1172","7D","JD","7","D",6,"J","D",10
"1173","7D","QD","7","D",6,"Q","D",11
"1174","7D","KD","7","D",6,"K","D",12
"1175","7D","AD","7","D",6,"A","D",13
"1176","7D","2C","7","D",6,"2","C",1
"1177","7D","3C","7","D",6,"3","C",2
"1178","7D","4C","7","D",6,"4","C",3
"1179","7D","5C","7","D",6,"5","C",4
"1180","7D","6C","7","D",6,"6","C",5
"1181","7D","7C","7","D",6,"7","C",6
"1182","7D","8C","7","D",6,"8","C",7
"1183","7D","9C","7","D",6,"9","C",8
"1184","7D","10C","7","D",6,"10","C",9
"1185","7D","JC","7","D",6,"J","C",10
"1186","7D","QC","7","D",6,"Q","C",11
"1187","7D","KC","7","D",6,"K","C",12
"1188","7D","AC","7","D",6,"A","C",13
"1189","8D","9D","8","D",7,"9","D",8
"1190","8D","10D","8","D",7,"10","D",9
"1191","8D","JD","8","D",7,"J","D",10
"1192","8D","QD","8","D",7,"Q","D",11
"1193","8D","KD","8","D",7,"K","D",12
"1194","8D","AD","8","D",7,"A","D",13
"1195","8D","2C","8","D",7,"2","C",1
"1196","8D","3C","8","D",7,"3","C",2
"1197","8D","4C","8","D",7,"4","C",3
"1198","8D","5C","8","D",7,"5","C",4
"1199","8D","6C","8","D",7,"6","C",5
"1200","8D","7C","8","D",7,"7","C",6
"1201","8D","8C","8","D",7,"8","C",7
"1202","8D","9C","8","D",7,"9","C",8
"1203","8D","10C","8","D",7,"10","C",9
"1204","8D","JC","8","D",7,"J","C",10
"1205","8D","QC","8","D",7,"Q","C",11
"1206","8D","KC","8","D",7,"K","C",12
"1207","8D","AC","8","D",7,"A","C",13
"1208","9D","10D","9","D",8,"10","D",9
"1209","9D","JD","9","D",8,"J","D",10
"1210","9D","QD","9","D",8,"Q","D",11
"1211","9D","KD","9","D",8,"K","D",12
"1212","9D","AD","9","D",8,"A","D",13
"1213","9D","2C","9","D",8,"2","C",1
"1214","9D","3C","9","D",8,"3","C",2
"1215","9D","4C","9","D",8,"4","C",3
"1216","9D","5C","9","D",8,"5","C",4
"1217","9D","6C","9","D",8,"6","C",5
"1218","9D","7C","9","D",8,"7","C",6
"1219","9D","8C","9","D",8,"8","C",7
"1220","9D","9C","9","D",8,"9","C",8
"1221","9D","10C","9","D",8,"10","C",9
"1222","9D","JC","9","D",8,"J","C",10
"1223","9D","QC","9","D",8,"Q","C",11
"1224","9D","KC","9","D",8,"K","C",12
"1225","9D","AC","9","D",8,"A","C",13
"1226","10D","JD","10","D",9,"J","D",10
"1227","10D","QD","10","D",9,"Q","D",11
"1228","10D","KD","10","D",9,"K","D",12
"1229","10D","AD","10","D",9,"A","D",13
"1230","10D","2C","10","D",9,"2","C",1
"1231","10D","3C","10","D",9,"3","C",2
"1232","10D","4C","10","D",9,"4","C",3
"1233","10D","5C","10","D",9,"5","C",4
"1234","10D","6C","10","D",9,"6","C",5
"1235","10D","7C","10","D",9,"7","C",6
"1236","10D","8C","10","D",9,"8","C",7
"1237","10D","9C","10","D",9,"9","C",8
"1238","10D","10C","10","D",9,"10","C",9
"1239","10D","JC","10","D",9,"J","C",10
"1240","10D","QC","10","D",9,"Q","C",11
"1241","10D","KC","10","D",9,"K","C",12
"1242","10D","AC","10","D",9,"A","C",13
"1243","JD","QD","J","D",10,"Q","D",11
"1244","JD","KD","J","D",10,"K","D",12
"1245","JD","AD","J","D",10,"A","D",13
"1246","JD","2C","J","D",10,"2","C",1
"1247","JD","3C","J","D",10,"3","C",2
"1248","JD","4C","J","D",10,"4","C",3
"1249","JD","5C","J","D",10,"5","C",4
"1250","JD","6C","J","D",10,"6","C",5
"1251","JD","7C","J","D",10,"7","C",6
"1252","JD","8C","J","D",10,"8","C",7
"1253","JD","9C","J","D",10,"9","C",8
"1254","JD","10C","J","D",10,"10","C",9
"1255","JD","JC","J","D",10,"J","C",10
"1256","JD","QC","J","D",10,"Q","C",11
"1257","JD","KC","J","D",10,"K","C",12
"1258","JD","AC","J","D",10,"A","C",13
"1259","QD","KD","Q","D",11,"K","D",12
"1260","QD","AD","Q","D",11,"A","D",13
"1261","QD","2C","Q","D",11,"2","C",1
"1262","QD","3C","Q","D",11,"3","C",2
"1263","QD","4C","Q","D",11,"4","C",3
"1264","QD","5C","Q","D",11,"5","C",4
"1265","QD","6C","Q","D",11,"6","C",5
"1266","QD","7C","Q","D",11,"7","C",6
"1267","QD","8C","Q","D",11,"8","C",7
"1268","QD","9C","Q","D",11,"9","C",8
"1269","QD","10C","Q","D",11,"10","C",9
"1270","QD","JC","Q","D",11,"J","C",10
"1271","QD","QC","Q","D",11,"Q","C",11
"1272","QD","KC","Q","D",11,"K","C",12
"1273","QD","AC","Q","D",11,"A","C",13
"1274","KD","AD","K","D",12,"A","D",13
"1275","KD","2C","K","D",12,"2","C",1
"1276","KD","3C","K","D",12,"3","C",2
"1277","KD","4C","K","D",12,"4","C",3
"1278","KD","5C","K","D",12,"5","C",4
"1279","KD","6C","K","D",12,"6","C",5
"1280","KD","7C","K","D",12,"7","C",6
"1281","KD","8C","K","D",12,"8","C",7
"1282","KD","9C","K","D",12,"9","C",8
"1283","KD","10C","K","D",12,"10","C",9
"1284","KD","JC","K","D",12,"J","C",10
"1285","KD","QC","K","D",12,"Q","C",11
"1286","KD","KC","K","D",12,"K","C",12
"1287","KD","AC","K","D",12,"A","C",13
"1288","AD","2C","A","D",13,"2","C",1
"1289","AD","3C","A","D",13,"3","C",2
"1290","AD","4C","A","D",13,"4","C",3
"1291","AD","5C","A","D",13,"5","C",4
"1292","AD","6C","A","D",13,"6","C",5
"1293","AD","7C","A","D",13,"7","C",6
"1294","AD","8C","A","D",13,"8","C",7
"1295","AD","9C","A","D",13,"9","C",8
"1296","AD","10C","A","D",13,"10","C",9
"1297","AD","JC","A","D",13,"J","C",10
"1298","AD","QC","A","D",13,"Q","C",11
"1299","AD","KC","A","D",13,"K","C",12
"1300","AD","AC","A","D",13,"A","C",13
"1301","2C","3C","2","C",1,"3","C",2
"1302","2C","4C","2","C",1,"4","C",3
"1303","2C","5C","2","C",1,"5","C",4
"1304","2C","6C","2","C",1,"6","C",5
"1305","2C","7C","2","C",1,"7","C",6
"1306","2C","8C","2","C",1,"8","C",7
"1307","2C","9C","2","C",1,"9","C",8
"1308","2C","10C","2","C",1,"10","C",9
"1309","2C","JC","2","C",1,"J","C",10
"1310","2C","QC","2","C",1,"Q","C",11
"1311","2C","KC","2","C",1,"K","C",12
"1312","2C","AC","2","C",1,"A","C",13
"1313","3C","4C","3","C",2,"4","C",3
"1314","3C","5C","3","C",2,"5","C",4
"1315","3C","6C","3","C",2,"6","C",5
"1316","3C","7C","3","C",2,"7","C",6
"1317","3C","8C","3","C",2,"8","C",7
"1318","3C","9C","3","C",2,"9","C",8
"1319","3C","10C","3","C",2,"10","C",9
"1320","3C","JC","3","C",2,"J","C",10
"1321","3C","QC","3","C",2,"Q","C",11
"1322","3C","KC","3","C",2,"K","C",12
"1323","3C","AC","3","C",2,"A","C",13
"1324","4C","5C","4","C",3,"5","C",4
"1325","4C","6C","4","C",3,"6","C",5
"1326","4C","7C","4","C",3,"7","C",6
"1327","4C","8C","4","C",3,"8","C",7
"1328","4C","9C","4","C",3,"9","C",8
"1329","4C","10C","4","C",3,"10","C",9
"1330","4C","JC","4","C",3,"J","C",10
"1331","4C","QC","4","C",3,"Q","C",11
"1332","4C","KC","4","C",3,"K","C",12
"1333","4C","AC","4","C",3,"A","C",13
"1334","5C","6C","5","C",4,"6","C",5
"1335","5C","7C","5","C",4,"7","C",6
"1336","5C","8C","5","C",4,"8","C",7
"1337","5C","9C","5","C",4,"9","C",8
"1338","5C","10C","5","C",4,"10","C",9
"1339","5C","JC","5","C",4,"J","C",10
"1340","5C","QC","5","C",4,"Q","C",11
"1341","5C","KC","5","C",4,"K","C",12
"1342","5C","AC","5","C",4,"A","C",13
"1343","6C","7C","6","C",5,"7","C",6
"1344","6C","8C","6","C",5,"8","C",7
"1345","6C","9C","6","C",5,"9","C",8
"1346","6C","10C","6","C",5,"10","C",9
"1347","6C","JC","6","C",5,"J","C",10
"1348","6C","QC","6","C",5,"Q","C",11
"1349","6C","KC","6","C",5,"K","C",12
"1350","6C","AC","6","C",5,"A","C",13
"1351","7C","8C","7","C",6,"8","C",7
"1352","7C","9C","7","C",6,"9","C",8
"1353","7C","10C","7","C",6,"10","C",9
"1354","7C","JC","7","C",6,"J","C",10
"1355","7C","QC","7","C",6,"Q","C",11
"1356","7C","KC","7","C",6,"K","C",12
"1357","7C","AC","7","C",6,"A","C",13
"1358","8C","9C","8","C",7,"9","C",8
"1359","8C","10C","8","C",7,"10","C",9
"1360","8C","JC","8","C",7,"J","C",10
"1361","8C","QC","8","C",7,"Q","C",11
"1362","8C","KC","8","C",7,"K","C",12
"1363","8C","AC","8","C",7,"A","C",13
"1364","9C","10C","9","C",8,"10","C",9
"1365","9C","JC","9","C",8,"J","C",10
"1366","9C","QC","9","C",8,"Q","C",11
"1367","9C","KC","9","C",8,"K","C",12
"1368","9C","AC","9","C",8,"A","C",13
"1369","10C","JC","10","C",9,"J","C",10
"1370","10C","QC","10","C",9,"Q","C",11
"1371","10C","KC","10","C",9,"K","C",12
"1372","10C","AC","10","C",9,"A","C",13
"1373","JC","QC","J","C",10,"Q","C",11
"1374","JC","KC","J","C",10,"K","C",12
"1375","JC","AC","J","C",10,"A","C",13
"1376","QC","KC","Q","C",11,"K","C",12
"1377","QC","AC","Q","C",11,"A","C",13
"1378","KC","AC","K","C",12,"A","C",13
